-- phpMyAdmin SQL Dump
-- version 5.2.0
-- https://www.phpmyadmin.net/
--
-- Host: 127.0.0.1
-- Generation Time: Mar 01, 2023 at 03:59 AM
-- Server version: 10.4.24-MariaDB
-- PHP Version: 7.4.29

SET SQL_MODE = "NO_AUTO_VALUE_ON_ZERO";
START TRANSACTION;
SET time_zone = "+00:00";


/*!40101 SET @OLD_CHARACTER_SET_CLIENT=@@CHARACTER_SET_CLIENT */;
/*!40101 SET @OLD_CHARACTER_SET_RESULTS=@@CHARACTER_SET_RESULTS */;
/*!40101 SET @OLD_COLLATION_CONNECTION=@@COLLATION_CONNECTION */;
/*!40101 SET NAMES utf8mb4 */;

--
-- Database: `btth01_cse485`
--

DELIMITER $$
--
-- Procedures
--
CREATE DEFINER=`root`@`localhost` PROCEDURE `sp_DSBaiViet` (IN `ten_tloai` VARCHAR(50))   BEGIN
    -- Kiểm tra xem thể loại có tồn tại không
    IF NOT EXISTS(SELECT 1 FROM theloai tl WHERE tl.ten_tloai = ten_tloai) THEN
        SELECT 'Không tìm thấy thể loại' AS message;
    END IF;
    
    -- Nếu tồn tại thì truy vấn danh sách bài viết của thể loại đó
    SELECT bv.*, tl.ten_tloai
    FROM baiviet bv
    JOIN theloai tl ON bv.ma_tloai = tl.ma_tloai
    WHERE tl.ten_tloai = ten_tloai;
END$$

DELIMITER ;

-- --------------------------------------------------------

--
-- Table structure for table `baiviet`
--

CREATE TABLE `baiviet` (
  `ma_bviet` int(10) UNSIGNED NOT NULL,
  `tieude` varchar(200) COLLATE utf8_vietnamese_ci NOT NULL,
  `ten_bhat` varchar(100) COLLATE utf8_vietnamese_ci NOT NULL,
  `ma_tloai` int(10) UNSIGNED NOT NULL,
  `tomtat` text COLLATE utf8_vietnamese_ci NOT NULL,
  `noidung` text COLLATE utf8_vietnamese_ci DEFAULT NULL,
  `ma_tgia` int(10) UNSIGNED NOT NULL,
  `ngayviet` datetime NOT NULL DEFAULT current_timestamp(),
  `hinhanh` varchar(200) COLLATE utf8_vietnamese_ci DEFAULT NULL
) ENGINE=InnoDB DEFAULT CHARSET=utf8 COLLATE=utf8_vietnamese_ci;

--
-- Dumping data for table `baiviet`
--

INSERT INTO `baiviet` (`ma_bviet`, `tieude`, `ten_bhat`, `ma_tloai`, `tomtat`, `noidung`, `ma_tgia`, `ngayviet`, `hinhanh`) VALUES
(2, 'Cảm ơn em đã rời xa anh', 'Vết mưa', 2, 'Cảm ơn em đã cho anh những tháng ngày hạnh phúc, cho anh biết yêu và được yêu. Em cho anh được nếm trải hương vị ngọt ngào của tình yêu nhưng cũng đầy đau khổ và nước mắt. Những tháng ngày đó có lẽ suốt cuộc đời anh không bao giờ quên', NULL, 3, '2012-02-12 00:00:00', NULL),
(3, 'Cuộc đời có mấy ngày mai?', 'Phôi pha', 2, 'Đêm nay, trời quang mây tạnh, trong người nghe hoang vắng và tôi ngồi đây “Ôm lòng đêm, Nhìn vầng trăng mới về” mà ngậm ngùi “Nhớ chân giang hồ. Ôi phù du, từng tuổi xuân đã già”', NULL, 4, '2014-03-13 00:00:00', NULL),
(4, 'Quê tôi!', 'Quê hương', 5, 'Quê hương là gì mà chở đầy kí ức nhỏ xinh. Có đám trẻ nô đùa bên nhau dưới gốc ổi nhà bà Năm giữa trưa nắng gắt chỉ để chờ bà đi vắng là hái trộm. Có hai anh em tôi bì bõm lội sình bắt cua đem về nhà cho mẹ nấu canh, nấu cháo… Có ba chị em tôi lục đục tự nấu ăn khi mẹ vắng nhà. Có anh tôi luôn dắt tôi đi cùng đường ngõ xóm chỉ để em được vui. Có cả những trận cãi nhau nảy lửa của ba anh em nữa…', NULL, 5, '2014-02-20 00:00:00', NULL),
(5, 'Đất nước', 'Đất nước', 5, 'Đã bao nhiêu lần tôi tự hỏi: liệu trên Thế giới này có nơi nào chiến tranh tang thương mà lại rất đổi anh hùng như nước mình không? Liệu có mảnh đất nào mà mỗi tấc đất hôm nay đã thấm máu xương của những thế hệ đi trước nhiều như nước mình không? Và, liệu có một đất nước nào lại có nhiều bà mẹ đau khổ nhưng cũng hết sức gan góc như đất nước mình không?', NULL, 1, '2010-05-25 00:00:00', NULL),
(6, 'Hard Rock Hallelujah', 'Hard Rock Hallelujah', 7, 'Những linh hồn đang lạc lối, mù quáng mất phương hướng trong cõi trần gian đầy nghiệt ngã hãy nên lắng nghe \"Hard Rock Hallelujah\" để có thể quên tất cả mọi thứ để tìm về đúng bản chất sâu thẳm nhất trong tâm hồn chính mình!', NULL, 6, '2013-09-12 00:00:00', NULL),
(7, 'The Unforgiven', 'The Unforgiven', 7, 'Lâu lắm rồi mới nghe lại The Unforgiven II, vì bài này không phải là bài mà tôi thích. Anh bạn tôi lúc trước, đi đâu cũng nghêu ngao bài này ấy, chỉ tại vì hắn đang... thất tình mà lị. Mà sao Metallica có The Unforgiven rồi lại có thêm bài này chi nữa vậy không biết nữa, làm cho tôi cảm thấy hình như hơi bị đúng so với tâm trạng của tôi lúc này.', NULL, 1, '2010-05-25 00:00:00', NULL),
(8, 'Nơi tình yêu bắt đầu', 'Nơi tình yêu bắt đầu', 1, 'Nhiều người sẽ nghĩ làm gì có yêu nhất và làm gì có yêu mãi. Ừ! Chẳng có gì là mãi mãi cả, vì chúng ta không trường tồn vĩnh cửu', NULL, 1, '2014-02-03 00:00:00', NULL),
(9, 'Love Me Like There’s No Tomorrow', 'Love Me Like There’s No Tomorrow', 8, 'Nếu ai đã từng yêu Queen, yêu cái chất giọng cao, sắc sảo như một vết cắt thật ngọt ẩn giấu bao cảm xúc mãnh liệt của Freddie chắc không thể không \"điêu đứng\" mỗi khi nghe Love Me Like There’s No Tomorrow.', NULL, 1, '2013-02-26 00:00:00', NULL),
(10, 'I\'m stronger', 'I\'m stronger', 7, 'Em không phải là người giỏi giấu cảm xúc, nhưng em lại là người giỏi đoán biết cảm xúc của người khác vậy nên đừng cố nói nhớ em, rằng mọi thứ chỉ là do hoàn cảnh. Và cũng đừng dối em rằng anh đã từng yêu em. Em nhắm mắt cũng cảm nhận được mà, thật đấy', NULL, 2, '2013-08-21 00:00:00', NULL),
(11, 'Ôi Cuộc Sống Mến Thương', 'Ôi Cuộc Sống Mến Thương', 5, 'Có một câu nói như thế này \"Âm nhạc là một cái gì khác lạ mà hầu như tôi muốn nói nó là một phép thần diệu.Vì nó đứng giữa tư tưởng và hiện tượng, tinh thần và vật chất, mọi thứ trung gian mơ hồ thế đó mà không là thế đó giữa các sự vật mà âm nhạc hòa giải\"', NULL, 2, '2011-10-09 00:00:00', NULL),
(12, 'Cây và gió', 'Cây và gió', 7, 'Em và anh, hai đứa quen nhau thật tình cờ. Lời hát của anh từ bài hát “Cây và gió” đã làm tâm hồn em xao động. Nhưng sự thật phũ phàng rằng em chưa bao giờ nói cho anh biết những suy nghĩ tận sâu trong tim mình. Bởi vì em nhút nhát, em không dám đối mặt với thực tế khắc nghiệt, hay thực ra em không dám đối diện với chính mình.', NULL, 7, '2013-12-05 00:00:00', NULL),
(13, 'Như một cách tạ ơn đời', 'Người thầy', 2, 'Ánh nắng cuối ngày rồi cũng sẽ tắt, dòng sông con đò rồi cũng sẽ rẽ sang một hướng khác. Nhưng việc trồng người luôn cảm thụ với chuyến đò ngang, cứ tần tảo đưa rồi lặng lẽ quay về đưa sang. Con đò năm xưa của Thầy nặng trĩu yêu thương, hy sinh thầm lặng.', NULL, 8, '2014-01-02 00:00:00', NULL);

--
-- Triggers `baiviet`
--
DELIMITER $$
CREATE TRIGGER `tg_SuaBaiViet` AFTER UPDATE ON `baiviet` FOR EACH ROW BEGIN
		UPDATE theloai
    	SET SLBaiViet = (SELECT COUNT(*) FROM baiviet WHERE ma_tloai = NEW.ma_tloai)
    	WHERE ma_tloai = NEW.ma_tloai;
END
$$
DELIMITER ;
DELIMITER $$
CREATE TRIGGER `tg_ThemHBaiViet` AFTER INSERT ON `baiviet` FOR EACH ROW BEGIN
		UPDATE theloai
    	SET SLBaiViet = (SELECT COUNT(*) FROM baiviet WHERE ma_tloai = NEW.ma_tloai)
    	WHERE ma_tloai = NEW.ma_tloai;
END
$$
DELIMITER ;
DELIMITER $$
CREATE TRIGGER `tg_XoaBaiViet` AFTER DELETE ON `baiviet` FOR EACH ROW BEGIN
		UPDATE theloai
        SET SLBaiViet = (SELECT COUNT(*) FROM baiviet WHERE ma_tloai = OLD.ma_tloai)
        WHERE ma_tloai = OLD.ma_tloai;
END
$$
DELIMITER ;

-- --------------------------------------------------------

--
-- Table structure for table `tacgia`
--

CREATE TABLE `tacgia` (
  `ma_tgia` int(10) UNSIGNED NOT NULL,
  `ten_tgia` varchar(100) COLLATE utf8_vietnamese_ci NOT NULL,
  `hinh_tgia` varchar(100) COLLATE utf8_vietnamese_ci DEFAULT NULL
) ENGINE=InnoDB DEFAULT CHARSET=utf8 COLLATE=utf8_vietnamese_ci;

--
-- Dumping data for table `tacgia`
--

INSERT INTO `tacgia` (`ma_tgia`, `ten_tgia`, `hinh_tgia`) VALUES
(1, 'Nhacvietplus', NULL),
(2, 'Sưu tầm', NULL),
(3, 'Sandy', NULL),
(4, 'Lê Trung Ngân', NULL),
(5, 'Khánh Ngọc', NULL),
(6, 'Night Stalker', NULL),
(7, 'Phạm Phương Anh', NULL),
(8, 'Tâm tình', NULL);

-- --------------------------------------------------------

--
-- Table structure for table `theloai`
--

CREATE TABLE `theloai` (
  `ma_tloai` int(10) UNSIGNED NOT NULL,
  `ten_tloai` varchar(50) COLLATE utf8_vietnamese_ci NOT NULL,
  `SLBaiViet` int(11) NOT NULL DEFAULT 0
) ENGINE=InnoDB DEFAULT CHARSET=utf8 COLLATE=utf8_vietnamese_ci;

--
-- Dumping data for table `theloai`
--

INSERT INTO `theloai` (`ma_tloai`, `ten_tloai`, `SLBaiViet`) VALUES
(1, 'Nhạc trẻ', 1),
(2, 'Nhạc trữ tình', 3),
(4, 'Nhạc thiếu nhi', 0),
(5, 'Nhạc quê hương', 0),
(6, 'POP', 0),
(7, 'Rock', 0),
(8, 'R&B', 0);

-- --------------------------------------------------------

--
-- Table structure for table `user`
--

CREATE TABLE `user` (
  `ten_dnhap` varchar(50) COLLATE utf8_vietnamese_ci NOT NULL,
  `mat_khau` varchar(50) COLLATE utf8_vietnamese_ci NOT NULL
) ENGINE=InnoDB DEFAULT CHARSET=utf8 COLLATE=utf8_vietnamese_ci;

--
-- Dumping data for table `user`
--

INSERT INTO `user` (`ten_dnhap`, `mat_khau`) VALUES
('tuan', '123'),
('thuy', '123'),
('phong', '123'),
('hien', '123'),
('dungkt', 'abc');

-- --------------------------------------------------------

--
-- Stand-in structure for view `vw_music`
-- (See below for the actual view)
--
CREATE TABLE `vw_music` (
`ma_bviet` int(10) unsigned
,`tieude` varchar(200)
,`ten_bhat` varchar(100)
,`ma_tloai` int(10) unsigned
,`tomtat` text
,`noidung` text
,`ma_tgia` int(10) unsigned
,`ngayviet` datetime
,`hinhanh` varchar(200)
,`ten_tloai` varchar(50)
,`ten_tgia` varchar(100)
);

-- --------------------------------------------------------

--
-- Structure for view `vw_music`
--
DROP TABLE IF EXISTS `vw_music`;

CREATE ALGORITHM=UNDEFINED DEFINER=`root`@`localhost` SQL SECURITY DEFINER VIEW `vw_music`  AS SELECT `baiviet`.`ma_bviet` AS `ma_bviet`, `baiviet`.`tieude` AS `tieude`, `baiviet`.`ten_bhat` AS `ten_bhat`, `baiviet`.`ma_tloai` AS `ma_tloai`, `baiviet`.`tomtat` AS `tomtat`, `baiviet`.`noidung` AS `noidung`, `baiviet`.`ma_tgia` AS `ma_tgia`, `baiviet`.`ngayviet` AS `ngayviet`, `baiviet`.`hinhanh` AS `hinhanh`, `theloai`.`ten_tloai` AS `ten_tloai`, `tacgia`.`ten_tgia` AS `ten_tgia` FROM ((`baiviet` join `theloai` on(`baiviet`.`ma_tloai` = `theloai`.`ma_tloai`)) join `tacgia` on(`baiviet`.`ma_tgia` = `tacgia`.`ma_tgia`))  ;

--
-- Indexes for dumped tables
--

--
-- Indexes for table `baiviet`
--
ALTER TABLE `baiviet`
  ADD PRIMARY KEY (`ma_bviet`),
  ADD KEY `ma_tgia` (`ma_tgia`),
  ADD KEY `ma_tloai` (`ma_tloai`);

--
-- Indexes for table `tacgia`
--
ALTER TABLE `tacgia`
  ADD PRIMARY KEY (`ma_tgia`);

--
-- Indexes for table `theloai`
--
ALTER TABLE `theloai`
  ADD PRIMARY KEY (`ma_tloai`);

--
-- AUTO_INCREMENT for dumped tables
--

--
-- AUTO_INCREMENT for table `baiviet`
--
ALTER TABLE `baiviet`
  MODIFY `ma_bviet` int(10) UNSIGNED NOT NULL AUTO_INCREMENT, AUTO_INCREMENT=15;

--
-- AUTO_INCREMENT for table `tacgia`
--
ALTER TABLE `tacgia`
  MODIFY `ma_tgia` int(10) UNSIGNED NOT NULL AUTO_INCREMENT, AUTO_INCREMENT=10;

--
-- AUTO_INCREMENT for table `theloai`
--
ALTER TABLE `theloai`
  MODIFY `ma_tloai` int(10) UNSIGNED NOT NULL AUTO_INCREMENT, AUTO_INCREMENT=10;

--
-- Constraints for dumped tables
--

--
-- Constraints for table `baiviet`
--
ALTER TABLE `baiviet`
  ADD CONSTRAINT `baiviet_ibfk_1` FOREIGN KEY (`ma_tgia`) REFERENCES `tacgia` (`ma_tgia`),
  ADD CONSTRAINT `baiviet_ibfk_2` FOREIGN KEY (`ma_tloai`) REFERENCES `theloai` (`ma_tloai`);
COMMIT;

/*!40101 SET CHARACTER_SET_CLIENT=@OLD_CHARACTER_SET_CLIENT */;
/*!40101 SET CHARACTER_SET_RESULTS=@OLD_CHARACTER_SET_RESULTS */;
/*!40101 SET COLLATION_CONNECTION=@OLD_COLLATION_CONNECTION */;
